{"initial_eval_bpc": Infinity, "_timestamp": 1722879147.1303015, "_runtime": 9.524564504623413, "_step": 0}