{"initial_eval_bpc": Infinity, "_timestamp": 1722879241.972728, "_runtime": 8.321495056152344, "_step": 0}