{"initial_eval_bpc": Infinity, "_timestamp": 1722879359.9523993, "_runtime": 7.204654216766357, "_step": 0}