{"initial_eval_bpc": Infinity, "_timestamp": 1722879306.9791472, "_runtime": 7.994432210922241, "_step": 0}