{"eval/loss": 1.753798484802246, "eval/runtime": 604.1475, "eval/samples_per_second": 1.043, "eval/steps_per_second": 0.131, "train/global_step": 0, "_timestamp": 1722878316.0439756, "_runtime": 608.7594146728516, "_step": 2, "eval_loss": 1.753798484802246, "eval_runtime": 604.1475, "eval_samples_per_second": 1.043, "eval_steps_per_second": 0.131, "eval_bpc": 2.5301963767427784, "initial_eval_bpc": 2.5301963767427784}