{"initial_eval_bpc": Infinity, "_timestamp": 1722879123.5124378, "_runtime": 9.35866379737854, "_step": 0}