{"initial_eval_bpc": Infinity, "_timestamp": 1722879198.9691057, "_runtime": 7.561586618423462, "_step": 0}